id,first_name,last_name,email,gender,ip_address
1,Geoffrey,Fowlestone,gfowlestone0@mlb.com,Female,24.225.28.118
2,Dionne,Scollard,dscollard1@opera.com,Genderqueer,10.102.41.50
3,Hastie,Swaine,hswaine2@discuz.net,Genderfluid,118.120.71.72
4,Arnoldo,Barthram,abarthram3@mozilla.org,Female,125.139.23.87
5,Vinita,Ethelstone,vethelstone4@ca.gov,Bigender,99.217.215.186
6,Imelda,O'Hogertie,iohogertie5@posterous.com,Agender,91.122.238.16
7,Ambrosio,Epton,aepton6@soundcloud.com,Agender,213.88.110.170
8,Bekki,Beeckx,bbeeckx7@example.com,Male,209.82.25.184
9,Mirabelle,Orniz,morniz8@facebook.com,Female,227.147.44.15
10,Thibaut,Clayhill,tclayhill9@feedburner.com,Polygender,71.130.68.134
11,Dianna,Giorgetti,dgiorgettia@mac.com,Genderfluid,64.175.58.126
12,Miquela,Scholar,mscholarb@cyberchimps.com,Genderfluid,200.113.216.119
13,Berty,Renshall,brenshallc@ehow.com,Bigender,93.17.157.132
14,Stepha,Moreland,smorelandd@scribd.com,Polygender,87.209.102.202
15,Savina,Jurasz,sjurasze@sohu.com,Non-binary,164.75.94.158
16,Gilberte,Scruby,gscrubyf@wikispaces.com,Polygender,143.186.57.209
17,Nikolai,Oleshunin,noleshuning@cdbaby.com,Agender,193.128.150.194
18,Jsandye,Velde,jveldeh@free.fr,Male,187.97.230.68
19,Marnia,Thompson,mthompsoni@cbslocal.com,Non-binary,173.119.17.47
20,Loni,Penman,lpenmanj@wordpress.org,Bigender,90.168.142.55
21,Maire,Calow,mcalowk@uiuc.edu,Male,232.252.122.49
22,Kimberlyn,Stearndale,kstearndalel@cpanel.net,Male,150.87.64.131
23,Garvy,Osgorby,gosgorbym@php.net,Non-binary,31.0.12.198
24,Madlen,Daid,mdaidn@fotki.com,Polygender,3.1.166.8
25,Alleen,Lodewick,alodewicko@europa.eu,Male,79.76.189.190
26,Gib,Ninotti,gninottip@blogtalkradio.com,Polygender,43.12.200.252
27,Neilla,Girling,ngirlingq@nasa.gov,Genderqueer,84.248.75.148
28,Luelle,Gillani,lgillanir@dion.ne.jp,Bigender,111.43.187.239
29,Bartolemo,Dooher,bdoohers@artisteer.com,Male,123.0.240.113
30,Bryn,Londsdale,blondsdalet@cisco.com,Genderfluid,171.234.207.62
31,Marijo,Cars,mcarsu@howstuffworks.com,Polygender,254.25.151.181
32,Ofelia,O' Cuolahan,oocuolahanv@cmu.edu,Bigender,10.125.231.119
33,Judon,Jordi,jjordiw@bing.com,Agender,36.65.207.231
34,Aylmar,Duxfield,aduxfieldx@sphinn.com,Bigender,48.50.225.173
35,Dahlia,Cleef,dcleefy@homestead.com,Genderfluid,218.81.63.240
36,Ebeneser,Sedgemore,esedgemorez@wordpress.org,Genderfluid,133.236.0.93
37,Randy,Gundry,rgundry10@accuweather.com,Genderqueer,163.49.61.141
38,Holmes,Brownhall,hbrownhall11@exblog.jp,Genderqueer,53.204.13.30
39,Stern,Skone,sskone12@virginia.edu,Genderqueer,22.50.18.125
40,Tiphany,Fancutt,tfancutt13@wired.com,Male,19.180.86.111
41,Rodolfo,McMenamy,rmcmenamy14@umn.edu,Bigender,116.129.180.168
42,Fenelia,Blunden,fblunden15@nsw.gov.au,Genderfluid,107.218.236.216
43,Raine,Murrum,rmurrum16@about.com,Bigender,185.126.13.31
44,Roth,Vedyashkin,rvedyashkin17@comsenz.com,Male,163.36.124.23
45,Donica,O'Currine,docurrine18@goo.gl,Genderfluid,75.125.63.76
46,Ellery,Conyers,econyers19@furl.net,Polygender,255.238.227.48
47,Wilmer,Lafond,wlafond1a@twitter.com,Polygender,63.234.166.222
48,Barry,Page,bpage1b@weibo.com,Genderqueer,33.209.128.193
49,Bank,Hillin,bhillin1c@omniture.com,Non-binary,161.205.18.116
50,Wylie,Boal,wboal1d@wired.com,Non-binary,199.134.191.12
51,Dorene,Radden,dradden1e@ustream.tv,Agender,222.211.193.98
52,Reba,Cowlard,rcowlard1f@msu.edu,Polygender,63.206.125.166
53,Kacie,Eliez,keliez1g@gnu.org,Genderqueer,204.48.206.88
54,Tull,Akroyd,takroyd1h@samsung.com,Genderqueer,114.211.130.46
55,Susanetta,McIndoe,smcindoe1i@google.es,Bigender,187.220.224.193
56,Lester,Roistone,lroistone1j@bigcartel.com,Genderqueer,119.28.229.146
57,Gwendolin,Nockalls,gnockalls1k@alexa.com,Non-binary,241.88.99.220
58,Deane,Cutress,dcutress1l@usatoday.com,Polygender,119.202.63.118
59,Wald,Fillgate,wfillgate1m@51.la,Polygender,32.225.230.169
60,Itch,Tiddeman,itiddeman1n@unc.edu,Female,224.248.161.208
61,Errick,Dankov,edankov1o@google.co.jp,Genderfluid,86.227.172.141
62,Padraic,Ayling,payling1p@timesonline.co.uk,Non-binary,26.216.52.200
63,Alfie,McClounan,amcclounan1q@blinklist.com,Bigender,40.139.244.191
64,Claudianus,Eardley,ceardley1r@ihg.com,Bigender,185.208.1.143
65,Abby,Huckerbe,ahuckerbe1s@barnesandnoble.com,Male,19.196.20.111
66,Devlen,Darke,ddarke1t@ow.ly,Bigender,75.19.155.185
67,Inglis,Lamba,ilamba1u@dot.gov,Non-binary,53.202.61.110
68,Cassey,Jennison,cjennison1v@miitbeian.gov.cn,Agender,220.124.41.166
69,Jacob,Andor,jandor1w@4shared.com,Agender,248.124.222.147
70,Marcie,Pashbee,mpashbee1x@mapy.cz,Polygender,236.159.240.32
71,Gaelan,Hynam,ghynam1y@plala.or.jp,Non-binary,168.121.121.159
72,Ophelie,Keelinge,okeelinge1z@multiply.com,Genderfluid,235.143.149.100
73,Dallis,McGee,dmcgee20@gizmodo.com,Genderfluid,138.226.52.253
74,Neda,McKellar,nmckellar21@about.com,Male,219.156.232.171
75,Dodie,Lamshead,dlamshead22@yandex.ru,Agender,52.31.224.188
76,Vilhelmina,Brusby,vbrusby23@edublogs.org,Non-binary,85.239.30.49
77,Kristian,Collicott,kcollicott24@discuz.net,Agender,110.198.158.207
78,Dimitri,Eastway,deastway25@nationalgeographic.com,Agender,33.120.217.73
79,Matthiew,Prophet,mprophet26@nih.gov,Non-binary,29.187.176.176
80,Kylie,Reedy,kreedy27@pcworld.com,Female,160.74.177.142
81,Suki,McRae,smcrae28@rambler.ru,Bigender,119.191.5.35
82,Isador,Glason,iglason29@nps.gov,Female,204.143.2.148
83,Enrica,MacVean,emacvean2a@europa.eu,Non-binary,208.10.159.39
84,Michail,McAvinchey,mmcavinchey2b@intel.com,Agender,37.128.90.230
85,Davie,Goodacre,dgoodacre2c@unicef.org,Genderqueer,210.109.85.82
86,Hirsch,De Biasio,hdebiasio2d@hao123.com,Genderqueer,240.236.199.99
87,Rodge,Parkyn,rparkyn2e@weebly.com,Bigender,211.80.199.194
88,Rance,Folli,rfolli2f@whitehouse.gov,Non-binary,120.5.3.226
89,Victoir,Murdie,vmurdie2g@macromedia.com,Genderfluid,94.243.76.130
90,Leonhard,Yvens,lyvens2h@phpbb.com,Genderqueer,125.84.219.228
91,Sephira,Stollenbecker,sstollenbecker2i@storify.com,Non-binary,226.42.163.124
92,Randi,Trasler,rtrasler2j@list-manage.com,Genderqueer,78.18.216.56
93,Elianora,Skones,eskones2k@house.gov,Polygender,172.216.225.251
94,Garvin,Burdett,gburdett2l@amazon.com,Female,205.123.186.78
95,Klarrisa,Pepler,kpepler2m@feedburner.com,Bigender,54.88.178.254
96,Thoma,Lawman,tlawman2n@vistaprint.com,Genderfluid,190.255.57.205
97,Stormie,Dedmam,sdedmam2o@infoseek.co.jp,Genderqueer,149.108.77.185
98,Roley,Lawden,rlawden2p@cargocollective.com,Female,227.231.54.244
99,Phylys,Eplett,peplett2q@flavors.me,Genderqueer,190.182.245.6
100,Lind,Blurton,lblurton2r@1und1.de,Agender,75.96.249.60
101,Sonnnie,Elsip,selsip2s@squidoo.com,Bigender,7.114.183.242
102,Olly,Gatlin,ogatlin2t@wiley.com,Male,45.220.116.233
103,Georgeanna,Grevatt,ggrevatt2u@devhub.com,Genderqueer,180.117.131.178
104,Jed,Laidler,jlaidler2v@histats.com,Agender,239.129.251.13
105,Harv,Hallam,hhallam2w@businessinsider.com,Bigender,115.167.94.46
106,Emilio,Coarser,ecoarser2x@creativecommons.org,Agender,58.153.233.121
107,Gina,Eagar,geagar2y@creativecommons.org,Non-binary,0.61.146.152
108,Lenore,Seagar,lseagar2z@jugem.jp,Non-binary,224.107.44.66
109,Junette,Pedwell,jpedwell30@wisc.edu,Bigender,76.22.84.5
110,Petunia,Kollaschek,pkollaschek31@archive.org,Non-binary,244.232.246.64
111,Gearalt,Ratie,gratie32@wordpress.com,Female,165.115.253.178
112,Ryon,Yalden,ryalden33@utexas.edu,Bigender,146.40.85.33
113,Willard,Shaxby,wshaxby34@storify.com,Genderfluid,157.152.57.79
114,Alaric,Zotto,azotto35@google.com.br,Bigender,11.43.207.207
115,Cornela,Luckin,cluckin36@microsoft.com,Genderqueer,202.163.184.169
116,Lindsy,Angerstein,langerstein37@telegraph.co.uk,Genderfluid,107.117.209.61
117,Franz,Strickler,fstrickler38@arizona.edu,Genderfluid,147.15.188.165
118,Cybil,McTeer,cmcteer39@whitehouse.gov,Genderqueer,252.119.96.111
119,Carling,Gloy,cgloy3a@themeforest.net,Genderqueer,142.237.173.73
120,Kelsey,Dyson,kdyson3b@w3.org,Polygender,84.114.193.181
121,Sayre,Buckett,sbuckett3c@cocolog-nifty.com,Non-binary,158.77.160.66
122,Noah,Hefner,nhefner3d@goo.gl,Male,213.14.182.70
123,Travus,Kealy,tkealy3e@wikimedia.org,Polygender,24.199.74.113
124,Royce,Paradine,rparadine3f@mit.edu,Non-binary,53.19.24.115
125,Lilith,Spiniello,lspiniello3g@oaic.gov.au,Male,131.186.26.83
126,Nathalia,Lieb,nlieb3h@ifeng.com,Female,122.107.175.174
127,Chrissie,Jewett,cjewett3i@privacy.gov.au,Genderqueer,171.53.229.47
128,Ellette,Kobierra,ekobierra3j@zdnet.com,Male,62.112.113.111
129,Ailey,Barenski,abarenski3k@tinyurl.com,Non-binary,81.27.67.198
130,Serena,Readitt,sreaditt3l@europa.eu,Agender,205.71.61.128
131,Claybourne,Dutt,cdutt3m@google.com.au,Genderfluid,90.148.154.114
132,Aurie,Kibbel,akibbel3n@stumbleupon.com,Genderqueer,192.216.1.16
133,Craggie,Haggerwood,chaggerwood3o@is.gd,Agender,130.150.172.131
134,Dame,Nutter,dnutter3p@cloudflare.com,Non-binary,173.207.14.65
135,Seamus,Adaway,sadaway3q@telegraph.co.uk,Agender,229.124.170.144
136,Grant,Attiwill,gattiwill3r@tinyurl.com,Male,96.226.110.148
137,Fonz,Cowley,fcowley3s@squidoo.com,Genderfluid,207.215.77.226
138,Perren,Forcade,pforcade3t@clickbank.net,Non-binary,174.151.177.231
139,Mariquilla,Peck,mpeck3u@si.edu,Genderfluid,251.231.125.23
140,Pippa,O'Dowd,podowd3v@github.com,Polygender,53.204.231.144
141,Dewitt,Jeavon,djeavon3w@shutterfly.com,Genderfluid,236.159.170.72
142,Storm,Epton,septon3x@tmall.com,Agender,227.52.197.48
143,Aylmar,Slocom,aslocom3y@examiner.com,Female,143.159.53.6
144,Trenna,Bartelot,tbartelot3z@amazon.com,Polygender,212.252.164.54
145,Mame,Von Der Empten,mvonderempten40@time.com,Polygender,206.0.201.58
146,Gabie,Macari,gmacari41@oracle.com,Genderfluid,53.131.89.178
147,Leopold,Czaple,lczaple42@fotki.com,Agender,155.25.206.225
148,Stephenie,Hadgraft,shadgraft43@ca.gov,Polygender,238.68.110.250
149,Jamal,Heasly,jheasly44@google.com,Female,16.147.136.202
150,Osborn,Daviddi,odaviddi45@ow.ly,Bigender,188.58.171.60
151,Bordie,Ebbitt,bebbitt46@topsy.com,Male,180.255.173.246
152,Paxon,Sonier,psonier47@nytimes.com,Genderfluid,196.154.58.23
153,Heriberto,Mollett,hmollett48@google.fr,Polygender,17.245.245.78
154,Ernesto,Hellsdon,ehellsdon49@tripadvisor.com,Non-binary,114.136.136.238
155,Bondie,Eaglen,beaglen4a@wordpress.com,Agender,108.187.237.162
156,Gale,Aylen,gaylen4b@samsung.com,Male,35.221.119.207
157,Josepha,Ubach,jubach4c@examiner.com,Genderqueer,248.247.64.156
158,Dominic,Measom,dmeasom4d@liveinternet.ru,Non-binary,143.44.126.77
159,Alfie,Gooch,agooch4e@hud.gov,Male,61.41.177.238
160,Maud,Suthworth,msuthworth4f@virginia.edu,Genderfluid,181.182.78.86
161,Caleb,Vearnals,cvearnals4g@blogger.com,Agender,40.76.46.234
162,Bernard,Gateman,bgateman4h@timesonline.co.uk,Male,66.239.55.150
163,Leila,Tonsley,ltonsley4i@google.nl,Bigender,219.53.180.240
164,Corie,Coom,ccoom4j@cdc.gov,Female,249.131.153.254
165,Mitch,Broad,mbroad4k@pcworld.com,Genderqueer,86.135.64.67
166,Carola,Liepins,cliepins4l@sogou.com,Male,113.76.200.156
167,Neile,Chiddy,nchiddy4m@apache.org,Non-binary,202.128.77.239
168,Morgun,Maggs,mmaggs4n@about.me,Non-binary,114.10.103.29
169,Matthew,Mulhall,mmulhall4o@psu.edu,Female,239.10.63.112
170,Lyssa,Bowden,lbowden4p@ameblo.jp,Agender,226.170.134.130
171,Valerye,O'Lagen,volagen4q@histats.com,Male,119.71.231.207
172,Wandie,Proger,wproger4r@ucoz.com,Genderqueer,255.146.133.73
173,Fielding,Winspar,fwinspar4s@narod.ru,Male,67.234.43.238
174,Aileen,Mabee,amabee4t@fema.gov,Bigender,160.212.29.114
175,Craggy,Creech,ccreech4u@rambler.ru,Genderfluid,210.3.47.19
176,Ring,Kettleson,rkettleson4v@google.pl,Bigender,64.220.99.129
177,Jaquenetta,Livesley,jlivesley4w@sbwire.com,Genderqueer,14.35.189.91
178,Clemence,O'Feeny,cofeeny4x@bloglovin.com,Bigender,62.78.14.205
179,Alanna,Shyres,ashyres4y@angelfire.com,Bigender,80.189.184.35
180,Gray,Claeskens,gclaeskens4z@indiegogo.com,Male,136.0.79.199
181,Bernhard,Ollington,bollington50@deliciousdays.com,Genderqueer,123.34.93.185
182,Ches,Daulton,cdaulton51@wiley.com,Agender,251.171.224.229
183,Stirling,Pikett,spikett52@cocolog-nifty.com,Agender,19.150.252.192
184,Carrissa,Bebbington,cbebbington53@forbes.com,Non-binary,182.248.40.54
185,Ezra,Pawlik,epawlik54@acquirethisname.com,Female,213.236.32.86
186,Bailie,Scrooby,bscrooby55@buzzfeed.com,Genderfluid,253.71.131.205
187,Horten,Barber,hbarber56@engadget.com,Genderfluid,127.79.203.74
188,Matty,Fairholm,mfairholm57@icq.com,Agender,143.145.84.36
189,Heywood,Lawton,hlawton58@aol.com,Bigender,28.27.125.95
190,Laurens,Carrane,lcarrane59@e-recht24.de,Genderfluid,235.129.169.163
191,Mersey,Jerdan,mjerdan5a@spotify.com,Genderfluid,70.2.199.54
192,Roze,Bernardoux,rbernardoux5b@loc.gov,Agender,114.191.90.142
193,Kiley,Quince,kquince5c@economist.com,Polygender,211.78.229.62
194,Antons,Garvie,agarvie5d@liveinternet.ru,Non-binary,23.199.217.214
195,Rafaello,Greim,rgreim5e@pinterest.com,Genderfluid,183.23.78.73
196,Ingrid,Keelin,ikeelin5f@sina.com.cn,Male,22.176.184.238
197,Allie,Stanyforth,astanyforth5g@comsenz.com,Bigender,187.147.184.35
198,Maddie,Gutherson,mgutherson5h@illinois.edu,Female,245.113.57.14
199,Ardelle,Bothwell,abothwell5i@meetup.com,Genderfluid,127.43.45.43
200,Genna,McCoy,gmccoy5j@google.com.hk,Non-binary,213.99.252.123
201,Graham,Perigoe,gperigoe5k@zimbio.com,Non-binary,63.43.130.59
202,Stacy,Lettuce,slettuce5l@nymag.com,Polygender,66.151.241.193
203,Biddie,Fullick,bfullick5m@washingtonpost.com,Genderqueer,91.2.194.78
204,Ray,Cawthry,rcawthry5n@etsy.com,Male,16.66.76.143
205,Sheela,Pardue,spardue5o@about.me,Non-binary,185.237.143.49
206,Sinclair,Danilchik,sdanilchik5p@theatlantic.com,Polygender,217.105.116.99
207,Ketty,Clougher,kclougher5q@businessinsider.com,Female,111.48.79.61
208,Jen,Limbert,jlimbert5r@usnews.com,Female,64.182.30.121
209,Alison,Reddy,areddy5s@ftc.gov,Polygender,116.248.156.216
210,Lark,MacKill,lmackill5t@tiny.cc,Agender,63.162.62.41
211,Nestor,Bengle,nbengle5u@tiny.cc,Male,119.92.166.226
212,Theresina,Macknish,tmacknish5v@qq.com,Agender,54.62.230.156
213,Branden,Sutor,bsutor5w@sciencedaily.com,Male,108.147.63.212
214,Berti,Niset,bniset5x@reddit.com,Non-binary,66.198.78.93
215,Antonietta,Koppe,akoppe5y@virginia.edu,Non-binary,212.234.169.249
216,Ethan,Yo,eyo5z@thetimes.co.uk,Bigender,87.16.116.238
217,Ynes,Lober,ylober60@zdnet.com,Agender,28.89.249.230
218,Moyna,Mahaffey,mmahaffey61@howstuffworks.com,Agender,224.239.60.240
219,Harlie,Brightling,hbrightling62@ox.ac.uk,Male,164.163.207.35
220,Lena,Dibben,ldibben63@tuttocitta.it,Genderqueer,185.231.151.22
221,Shaun,Swenson,sswenson64@usa.gov,Genderfluid,246.189.39.97
222,Pollyanna,Rockhill,prockhill65@mashable.com,Genderqueer,247.232.23.241
223,Natalie,Zuker,nzuker66@google.com,Non-binary,140.230.2.43
224,Cassey,MacCulloch,cmacculloch67@wufoo.com,Genderqueer,137.103.240.194
225,Tully,Blackly,tblackly68@oracle.com,Female,134.51.95.33
226,Constancy,Goodsal,cgoodsal69@4shared.com,Bigender,207.183.132.68
227,Jerry,Djorevic,jdjorevic6a@a8.net,Genderqueer,123.90.92.181
228,Farrell,Vakhrushev,fvakhrushev6b@oaic.gov.au,Genderqueer,11.227.237.207
229,Robyn,Gertz,rgertz6c@dagondesign.com,Female,240.170.253.86
230,Pepillo,Iddins,piddins6d@blog.com,Non-binary,4.156.137.141
231,Chanda,McLukie,cmclukie6e@parallels.com,Polygender,54.177.167.41
232,Avie,Karle,akarle6f@cbc.ca,Polygender,35.110.80.173
233,Colver,Meynell,cmeynell6g@w3.org,Genderfluid,169.45.119.226
234,Filmore,Maffin,fmaffin6h@a8.net,Genderfluid,248.223.90.117
235,Javier,Moncarr,jmoncarr6i@jigsy.com,Agender,246.212.245.242
236,Mendel,Fairfull,mfairfull6j@dion.ne.jp,Genderqueer,84.109.58.29
237,Ainslie,Croote,acroote6k@lulu.com,Agender,0.135.7.179
238,Benyamin,Massei,bmassei6l@reverbnation.com,Non-binary,130.57.228.5
239,Ginni,McGrayle,gmcgrayle6m@miibeian.gov.cn,Genderqueer,32.175.243.169
240,Pinchas,Bescoby,pbescoby6n@amazonaws.com,Agender,37.3.93.181
241,Alvan,Tchir,atchir6o@icio.us,Male,175.236.6.169
242,Vernen,Aubin,vaubin6p@imageshack.us,Genderfluid,98.21.242.147
243,Blisse,Tracy,btracy6q@hexun.com,Agender,240.191.246.156
244,Ambrose,Jantel,ajantel6r@theguardian.com,Male,23.174.204.242
245,Jourdan,Ferrelli,jferrelli6s@hp.com,Bigender,94.240.49.44
246,Silvano,Adamou,sadamou6t@yelp.com,Agender,212.133.198.93
247,Deva,Yegorchenkov,dyegorchenkov6u@ox.ac.uk,Polygender,247.242.26.148
248,Jard,Dabney,jdabney6v@sfgate.com,Female,230.130.35.143
249,Mariele,Champ,mchamp6w@i2i.jp,Polygender,239.96.90.239
250,Spike,Swaddle,sswaddle6x@chronoengine.com,Polygender,179.109.108.130
251,Jilleen,Pilling,jpilling6y@barnesandnoble.com,Polygender,75.59.35.241
252,Courtney,Baxster,cbaxster6z@merriam-webster.com,Bigender,204.78.231.190
253,Vito,Marquand,vmarquand70@blogger.com,Non-binary,75.102.65.224
254,Akim,Gilstoun,agilstoun71@google.ca,Genderfluid,17.234.175.27
255,Natalie,Oswell,noswell72@si.edu,Agender,178.187.152.65
256,Anderson,Beamont,abeamont73@upenn.edu,Non-binary,93.37.118.155
257,Pippy,D'Adda,pdadda74@dedecms.com,Genderqueer,165.224.192.124
258,Nona,Brunini,nbrunini75@mapy.cz,Genderfluid,54.184.127.250
259,Paloma,Latan,platan76@free.fr,Genderqueer,172.90.246.216
260,Gracia,McCreary,gmccreary77@bloglovin.com,Bigender,77.110.110.225
261,Estell,Della,edella78@shareasale.com,Genderqueer,176.106.132.27
262,Derrek,Schlagh,dschlagh79@mapquest.com,Genderfluid,19.74.191.40
263,Carroll,Alu,calu7a@cargocollective.com,Genderfluid,22.59.219.156
264,Vanny,McAllister,vmcallister7b@netscape.com,Bigender,202.58.220.2
265,Brendis,Hairon,bhairon7c@virginia.edu,Genderfluid,218.171.68.248
266,Jonell,Fellowes,jfellowes7d@uol.com.br,Male,6.217.32.211
267,Domingo,Lockart,dlockart7e@quantcast.com,Non-binary,51.215.228.250
268,Kimmy,Stibbs,kstibbs7f@sphinn.com,Genderfluid,133.190.255.46
269,Angele,MacAvddy,amacavddy7g@boston.com,Non-binary,164.242.252.56
270,Rowen,Mackin,rmackin7h@hc360.com,Polygender,187.41.84.67
271,Bryn,Timoney,btimoney7i@harvard.edu,Bigender,158.160.2.247
272,Maribelle,Slainey,mslainey7j@java.com,Agender,135.70.212.154
273,Madeleine,Bareford,mbareford7k@dyndns.org,Genderqueer,242.160.50.102
274,Caralie,Reilly,creilly7l@nifty.com,Bigender,225.152.128.100
275,Jessalin,Balnave,jbalnave7m@opensource.org,Non-binary,194.101.62.200
276,Bidget,Malacrida,bmalacrida7n@wisc.edu,Agender,185.140.103.64
277,Basilius,Stilly,bstilly7o@cisco.com,Polygender,68.90.136.69
278,Vail,Leftbridge,vleftbridge7p@springer.com,Male,195.166.185.41
279,Isadora,Onions,ionions7q@wordpress.com,Agender,193.85.19.105
280,Rianon,Borkin,rborkin7r@wired.com,Agender,233.75.164.96
281,Lorin,Fosten,lfosten7s@mtv.com,Female,123.190.133.16
282,Dorise,Camamill,dcamamill7t@unesco.org,Polygender,223.17.206.72
283,Dorothea,Sotheron,dsotheron7u@squarespace.com,Bigender,33.189.242.143
284,Myrna,Merrikin,mmerrikin7v@ustream.tv,Genderqueer,75.143.9.203
285,Miles,Cisson,mcisson7w@4shared.com,Bigender,250.124.72.236
286,Chic,Conigsby,cconigsby7x@dion.ne.jp,Bigender,224.193.163.88
287,Darleen,Chagg,dchagg7y@ask.com,Agender,137.112.61.19
288,Hogan,Matous,hmatous7z@businessweek.com,Female,177.211.33.174
289,Ignaz,Sparshutt,isparshutt80@icq.com,Agender,181.185.204.194
290,Ree,Eseler,reseler81@biglobe.ne.jp,Female,38.159.201.2
291,Lanae,Bagworth,lbagworth82@about.com,Polygender,252.15.106.76
292,Osbourn,Mantrup,omantrup83@posterous.com,Male,86.195.203.70
293,Darcy,Bullingham,dbullingham84@google.com.au,Genderfluid,203.190.231.96
294,Gabrila,Tebbett,gtebbett85@shutterfly.com,Male,53.169.235.53
295,Anita,Mizzen,amizzen86@geocities.com,Agender,93.202.16.101
296,Benn,Cullity,bcullity87@bluehost.com,Bigender,150.30.194.63
297,Armand,Adamou,aadamou88@com.com,Female,121.167.233.17
298,Robinett,Srutton,rsrutton89@mit.edu,Male,245.228.245.60
299,Tobie,Priddle,tpriddle8a@samsung.com,Male,14.238.251.231
300,Jacquelyn,Purvey,jpurvey8b@accuweather.com,Non-binary,12.88.158.228
301,Fair,Elverston,felverston8c@forbes.com,Male,13.86.121.230
302,Rhianna,Donan,rdonan8d@marriott.com,Bigender,239.44.178.181
303,Joe,Lilford,jlilford8e@usnews.com,Male,5.45.24.231
304,Filippo,Beilby,fbeilby8f@apache.org,Female,74.141.79.83
305,Terri,Wisson,twisson8g@phpbb.com,Genderqueer,255.204.12.41
306,Jim,Lafoy,jlafoy8h@gov.uk,Polygender,23.85.44.108
307,Sayers,Mousley,smousley8i@reference.com,Polygender,175.57.192.43
308,Brion,Swithenby,bswithenby8j@google.ru,Female,84.254.213.77
309,Hyacinthia,Glowacki,hglowacki8k@sourceforge.net,Agender,38.214.22.131
310,Dianna,Cushelly,dcushelly8l@latimes.com,Male,219.55.44.104
311,Hugh,Porteous,hporteous8m@google.com.hk,Genderqueer,4.44.102.163
312,Nicholle,Philcott,nphilcott8n@fema.gov,Bigender,104.37.138.14
313,Twyla,MacKenney,tmackenney8o@youtu.be,Agender,214.228.196.148
314,Caitrin,Ironmonger,cironmonger8p@europa.eu,Non-binary,0.194.83.111
315,North,Astlatt,nastlatt8q@simplemachines.org,Non-binary,31.88.73.217
316,Addy,Landrick,alandrick8r@purevolume.com,Bigender,171.12.72.221
317,Tatiana,Genery,tgenery8s@csmonitor.com,Non-binary,178.86.199.203
318,Helen-elizabeth,Ferreli,hferreli8t@google.es,Agender,71.144.223.4
319,Franklyn,Buggy,fbuggy8u@deviantart.com,Bigender,24.220.243.217
320,Ruthanne,Care,rcare8v@noaa.gov,Genderfluid,108.50.213.14
321,Ruthe,Emanuelli,remanuelli8w@cmu.edu,Male,27.140.12.196
322,Arleyne,Rapin,arapin8x@irs.gov,Agender,54.10.77.63
323,Raddy,Spinelli,rspinelli8y@ebay.com,Genderfluid,102.96.175.99
324,Far,Brugmann,fbrugmann8z@moonfruit.com,Genderqueer,202.31.180.118
325,Hogan,Ethelston,hethelston90@booking.com,Agender,184.11.248.142
326,Rollie,Statefield,rstatefield91@webmd.com,Polygender,9.112.133.58
327,Adelle,Tweede,atweede92@feedburner.com,Polygender,52.10.171.33
328,Kristofor,Cleare,kcleare93@indiegogo.com,Bigender,103.225.85.51
329,Aidan,Dallander,adallander94@spiegel.de,Polygender,29.172.234.226
330,Etienne,Gherardini,egherardini95@mit.edu,Agender,181.220.40.104
331,Florina,Ewell,fewell96@army.mil,Genderfluid,95.254.29.9
332,Mignon,Conrard,mconrard97@tumblr.com,Polygender,228.62.149.154
333,Iorgo,De Filippo,idefilippo98@ucla.edu,Male,145.20.147.191
334,Jeanine,Fransson,jfransson99@angelfire.com,Bigender,9.166.234.182
335,Berni,Sedgefield,bsedgefield9a@businesswire.com,Polygender,242.164.52.107
336,Valaria,Tremblett,vtremblett9b@yandex.ru,Agender,187.44.249.183
337,Elinore,Tomaszkiewicz,etomaszkiewicz9c@psu.edu,Genderqueer,5.90.124.25
338,Nathaniel,Ketton,nketton9d@posterous.com,Genderfluid,3.88.79.12
339,Lauraine,Loynton,lloynton9e@tripadvisor.com,Genderqueer,65.70.242.147
340,Aubrette,Loudyan,aloudyan9f@lycos.com,Genderqueer,219.158.215.161
341,Elga,Freiberg,efreiberg9g@hugedomains.com,Genderfluid,201.200.4.90
342,Westley,Medwell,wmedwell9h@t.co,Non-binary,232.187.204.67
343,Horatius,Taylot,htaylot9i@businessweek.com,Bigender,190.50.29.14
344,Sanson,Rosser,srosser9j@princeton.edu,Non-binary,9.124.6.25
345,Alexis,Farnill,afarnill9k@nsw.gov.au,Genderqueer,18.3.126.131
346,Harriot,McWhannel,hmcwhannel9l@phoca.cz,Polygender,108.46.76.237
347,Isak,Ewers,iewers9m@ow.ly,Genderfluid,255.145.134.17
348,Hilliard,Duguid,hduguid9n@photobucket.com,Non-binary,117.17.33.221
349,Madalyn,Pounder,mpounder9o@webeden.co.uk,Non-binary,129.153.169.109
350,Dannye,Patry,dpatry9p@abc.net.au,Male,127.3.175.180
351,Thane,Weeden,tweeden9q@angelfire.com,Agender,220.211.160.108
352,Morris,Filyaev,mfilyaev9r@yolasite.com,Genderfluid,101.53.35.80
353,Darcy,Conachie,dconachie9s@shareasale.com,Genderqueer,99.144.19.5
354,Pietra,Mingauld,pmingauld9t@cam.ac.uk,Non-binary,213.201.117.90
355,Suzie,Jenken,sjenken9u@princeton.edu,Male,219.112.229.199
356,Niven,McNiven,nmcniven9v@cisco.com,Female,237.78.53.211
357,Diego,Baggallay,dbaggallay9w@forbes.com,Bigender,6.135.107.224
358,Sandy,Mahady,smahady9x@businessinsider.com,Polygender,111.50.44.42
359,Brand,Visco,bvisco9y@amazon.co.uk,Bigender,172.43.165.219
360,Inessa,Leyban,ileyban9z@aboutads.info,Male,236.229.45.4
361,Warden,Duffell,wduffella0@ucsd.edu,Polygender,213.152.136.27
362,Brennan,Landon,blandona1@europa.eu,Female,15.150.104.143
363,Claudell,Trevon,ctrevona2@technorati.com,Polygender,89.161.19.51
364,Quinta,Bandt,qbandta3@storify.com,Bigender,202.18.73.47
365,Cherise,Wyrall,cwyralla4@wikipedia.org,Genderqueer,129.58.105.74
366,Nancy,Tuffield,ntuffielda5@meetup.com,Genderqueer,147.210.241.156
367,Karlyn,Giottoi,kgiottoia6@newyorker.com,Genderqueer,38.7.81.160
368,Mario,Capelin,mcapelina7@harvard.edu,Male,214.13.78.180
369,Morissa,Sapsforde,msapsfordea8@last.fm,Genderfluid,158.202.53.115
370,Lotti,Stredder,lstreddera9@wsj.com,Polygender,192.104.14.196
371,Haley,Smooth,hsmoothaa@time.com,Genderfluid,202.83.209.1
372,Carroll,Domonkos,cdomonkosab@tamu.edu,Non-binary,6.21.161.239
373,Shane,Bengochea,sbengocheaac@bravesites.com,Agender,173.94.67.190
374,Elna,Trounce,etrouncead@columbia.edu,Bigender,230.164.29.105
375,Tome,Keith,tkeithae@google.de,Male,114.70.250.243
376,Gardner,Brunelleschi,gbrunelleschiaf@quantcast.com,Non-binary,60.48.162.230
377,Fifine,Trow,ftrowag@devhub.com,Genderfluid,192.63.138.51
378,Victor,Lawerence,vlawerenceah@reuters.com,Genderqueer,35.116.61.166
379,Evie,Farron,efarronai@amazonaws.com,Non-binary,32.66.182.114
380,Charita,Ahlin,cahlinaj@joomla.org,Male,206.9.164.195
381,Bailie,Garken,bgarkenak@wikispaces.com,Genderfluid,132.95.9.156
382,Jada,Jocelyn,jjocelynal@indiegogo.com,Genderqueer,33.33.251.28
383,Turner,Yexley,tyexleyam@canalblog.com,Polygender,27.187.2.49
384,Aldin,Abramof,aabramofan@phpbb.com,Agender,104.141.143.45
385,Lon,Catterall,lcatterallao@behance.net,Non-binary,164.90.94.25
386,Korey,Adney,kadneyap@bandcamp.com,Genderfluid,16.136.47.130
387,Myrtia,Klain,mklainaq@scientificamerican.com,Non-binary,74.220.20.109
388,Lynda,Phateplace,lphateplacear@hexun.com,Agender,200.252.189.84
389,Maurizio,Sunock,msunockas@mapy.cz,Female,151.215.240.105
390,Alvan,Petrushanko,apetrushankoat@facebook.com,Non-binary,119.45.137.130
391,Dill,Frentz,dfrentzau@huffingtonpost.com,Bigender,176.193.94.202
392,Araldo,Slingsby,aslingsbyav@msu.edu,Polygender,139.211.87.61
393,Colly,Hentzeler,chentzeleraw@blinklist.com,Genderfluid,250.202.223.234
394,Farra,Howey,fhoweyax@yellowbook.com,Agender,184.58.156.131
395,Millicent,Symington,msymingtonay@thetimes.co.uk,Genderfluid,47.94.56.137
396,Claire,Kendrew,ckendrewaz@newyorker.com,Non-binary,0.208.234.28
397,Raynor,Eusden,reusdenb0@yellowpages.com,Genderfluid,18.6.187.104
398,Danny,Izchaki,dizchakib1@photobucket.com,Genderfluid,194.109.104.103
399,Kain,Pocknoll,kpocknollb2@huffingtonpost.com,Genderfluid,209.141.114.237
400,Randolf,Duckworth,rduckworthb3@pbs.org,Non-binary,57.62.33.178
401,Almeta,Perkins,aperkinsb4@fastcompany.com,Male,42.180.204.42
402,Kendra,Hawkey,khawkeyb5@diigo.com,Non-binary,160.187.182.56
403,Werner,Colthard,wcolthardb6@wikispaces.com,Polygender,164.156.208.72
404,Monty,Cato,mcatob7@creativecommons.org,Non-binary,17.35.232.12
405,Kalil,Bazoge,kbazogeb8@studiopress.com,Genderfluid,80.75.206.31
406,Elisa,Paull,epaullb9@vkontakte.ru,Female,122.179.207.8
407,Merrili,Pedlow,mpedlowba@microsoft.com,Bigender,153.201.89.181
408,Sharline,Arendt,sarendtbb@vinaora.com,Genderqueer,100.106.97.121
409,Missy,Scryne,mscrynebc@netscape.com,Agender,199.33.58.53
410,Jami,Jury,jjurybd@microsoft.com,Genderqueer,229.169.216.172
411,Ainsley,Rawcliffe,arawcliffebe@g.co,Female,15.211.93.133
412,Tannie,Mountstephen,tmountstephenbf@webs.com,Bigender,215.91.97.134
413,Levon,Bowditch,lbowditchbg@printfriendly.com,Bigender,245.15.37.32
414,Nealon,Prendiville,nprendivillebh@facebook.com,Genderqueer,173.59.126.120
415,Marsh,Stuer,mstuerbi@goo.gl,Bigender,89.140.36.243
416,Yard,Latham,ylathambj@chron.com,Genderfluid,82.92.148.64
417,Maurie,Scherme,mschermebk@upenn.edu,Male,197.16.158.205
418,Dorry,Moncur,dmoncurbl@mac.com,Genderfluid,87.24.56.4
419,Christie,Pinnick,cpinnickbm@yellowpages.com,Agender,118.183.243.183
420,Jane,Siveter,jsiveterbn@google.com.hk,Non-binary,203.251.129.138
421,Mikol,Lattka,mlattkabo@nps.gov,Male,187.223.132.59
422,Karly,Bolver,kbolverbp@digg.com,Male,235.243.36.100
423,Diannne,Braunle,dbraunlebq@google.nl,Bigender,208.195.244.244
424,Mella,Baseke,mbasekebr@aboutads.info,Female,7.170.114.98
425,Ashely,Burdekin,aburdekinbs@symantec.com,Non-binary,150.213.45.118
426,Sophi,Salomon,ssalomonbt@tumblr.com,Genderfluid,251.160.18.130
427,Chery,Kennifick,ckennifickbu@vistaprint.com,Polygender,227.234.252.3
428,Royce,Perassi,rperassibv@163.com,Genderfluid,246.208.58.160
429,Hanna,Matushenko,hmatushenkobw@geocities.com,Polygender,13.197.84.222
430,Dotty,Rojahn,drojahnbx@miibeian.gov.cn,Polygender,207.78.65.56
431,Chris,Coatman,ccoatmanby@qq.com,Bigender,251.124.41.14
432,Ellissa,McIllroy,emcillroybz@amazon.com,Non-binary,222.46.57.227
433,Berkly,McLemon,bmclemonc0@huffingtonpost.com,Female,47.144.34.208
434,Trix,Sextone,tsextonec1@diigo.com,Genderfluid,23.123.132.23
435,Mayer,Dalinder,mdalinderc2@gizmodo.com,Genderfluid,117.8.245.95
436,Kimbra,O'Luney,koluneyc3@goodreads.com,Genderqueer,112.49.226.57
437,Korry,Angerstein,kangersteinc4@networksolutions.com,Female,202.150.20.148
438,Dulcie,Tompkins,dtompkinsc5@squarespace.com,Agender,94.231.171.14
439,Odilia,Barajas,obarajasc6@cafepress.com,Genderqueer,156.6.166.66
440,Pier,MacSorley,pmacsorleyc7@twitter.com,Genderqueer,46.77.157.150
441,Doloritas,Wiltshear,dwiltshearc8@desdev.cn,Polygender,197.174.18.88
442,Ingrid,Abazi,iabazic9@dion.ne.jp,Male,26.196.250.195
443,Thomasa,Sidebottom,tsidebottomca@cnet.com,Genderqueer,89.226.42.24
444,Gretel,Khosa,gkhosacb@about.me,Genderfluid,67.221.244.208
445,Norean,Lapsley,nlapsleycc@creativecommons.org,Polygender,164.72.30.42
446,Francyne,Aldcorne,faldcornecd@photobucket.com,Bigender,223.115.190.249
447,Templeton,Blitzer,tblitzerce@dailymotion.com,Bigender,46.116.102.180
448,Emmit,Huntall,ehuntallcf@microsoft.com,Genderfluid,0.219.110.188
449,Erica,Kerbey,ekerbeycg@unblog.fr,Genderfluid,127.62.8.187
450,Fred,Robertz,frobertzch@digg.com,Agender,155.14.182.159
451,Deloria,Norster,dnorsterci@seattletimes.com,Male,55.193.166.221
452,Veradis,Stallybrass,vstallybrasscj@soundcloud.com,Bigender,13.145.151.27
453,Rollo,O' Reagan,roreaganck@sourceforge.net,Genderfluid,209.140.129.51
454,Clarke,Dyneley,cdyneleycl@is.gd,Polygender,36.4.57.94
455,Anthiathia,Law,alawcm@plala.or.jp,Non-binary,251.125.44.82
456,Kipp,Donavan,kdonavancn@ustream.tv,Polygender,231.30.199.208
457,Wendall,Asple,waspleco@oakley.com,Agender,160.138.18.140
458,Craig,Deegin,cdeegincp@soup.io,Bigender,26.231.228.90
459,Lilias,Parramore,lparramorecq@youtu.be,Agender,52.79.139.17
460,Alexandrina,Braunds,abraundscr@wsj.com,Genderqueer,76.169.182.97
461,Brigida,Waddilove,bwaddilovecs@xing.com,Genderqueer,41.40.240.49
462,Andy,Bortolussi,abortolussict@typepad.com,Non-binary,90.217.92.84
463,Cristin,Santarelli,csantarellicu@seattletimes.com,Female,196.229.106.192
464,Richy,Flewin,rflewincv@sciencedirect.com,Male,14.245.146.182
465,Georgi,Roger,grogercw@umn.edu,Male,160.139.27.99
466,Sunny,Garton,sgartoncx@sun.com,Female,246.181.246.11
467,Niven,Brennand,nbrennandcy@intel.com,Male,177.27.208.145
468,Paolo,Hainey`,phaineycz@dropbox.com,Bigender,111.190.227.167
469,Lynda,Mathou,lmathoud0@google.nl,Polygender,43.139.61.126
470,Arnuad,Parminter,aparminterd1@newsvine.com,Bigender,7.240.28.100
471,Emily,Tynemouth,etynemouthd2@timesonline.co.uk,Agender,192.251.96.114
472,Jeane,Quipp,jquippd3@foxnews.com,Genderqueer,1.96.223.78
473,Darrel,Adlington,dadlingtond4@state.gov,Female,100.205.82.13
474,Brandea,Cornejo,bcornejod5@t.co,Non-binary,221.25.152.250
475,Gisela,Bywater,gbywaterd6@gizmodo.com,Male,160.125.201.202
476,Janot,Skerme,jskermed7@salon.com,Female,176.84.101.99
477,Anna,Faas,afaasd8@timesonline.co.uk,Polygender,187.76.23.213
478,Anatol,Mordey,amordeyd9@mediafire.com,Male,185.191.6.144
479,Burl,Churching,bchurchingda@hp.com,Female,141.235.218.95
480,Angela,Harroway,aharrowaydb@delicious.com,Genderfluid,141.132.82.49
481,Taddeo,Matas,tmatasdc@salon.com,Genderqueer,218.47.174.175
482,Noellyn,Grelik,ngrelikdd@altervista.org,Bigender,175.124.118.205
483,Arluene,Pert,apertde@ebay.com,Genderfluid,125.136.6.74
484,Darrin,Videneev,dvideneevdf@lulu.com,Bigender,72.161.0.245
485,Anders,Flatt,aflattdg@wordpress.org,Genderqueer,253.205.94.148
486,Moira,Waples,mwaplesdh@msu.edu,Bigender,11.250.246.167
487,Rickey,McGarrahan,rmcgarrahandi@businesswire.com,Genderfluid,72.144.53.60
488,Dory,Huffadine,dhuffadinedj@jimdo.com,Non-binary,105.145.190.102
489,Clarice,Unwins,cunwinsdk@wp.com,Agender,147.218.165.38
490,Eileen,Treppas,etreppasdl@163.com,Agender,89.207.184.216
491,Edvard,Witcher,ewitcherdm@admin.ch,Non-binary,157.201.244.230
492,Robbin,Goering,rgoeringdn@mashable.com,Agender,68.57.78.77
493,Mikel,Lytton,mlyttondo@techcrunch.com,Female,131.23.241.115
494,Regen,Couronne,rcouronnedp@blogs.com,Genderqueer,220.33.75.106
495,Stanfield,MacDougal,smacdougaldq@cornell.edu,Bigender,29.67.145.234
496,Finlay,Mayger,fmaygerdr@cocolog-nifty.com,Non-binary,26.223.9.248
497,Cheslie,Ewbanck,cewbanckds@tinyurl.com,Male,191.113.16.230
498,Alethea,Ewbach,aewbachdt@ebay.com,Non-binary,7.111.166.89
499,Reginauld,Brunskill,rbrunskilldu@ox.ac.uk,Male,185.115.152.65
500,Lorry,Grzesiak,lgrzesiakdv@phpbb.com,Genderqueer,111.123.95.97
501,Duke,Bryson,dbrysondw@nifty.com,Female,97.240.62.88
502,Merci,Haggett,mhaggettdx@wufoo.com,Female,234.3.145.65
503,Nicolais,McVitty,nmcvittydy@privacy.gov.au,Non-binary,204.181.8.62
504,Joannes,Briton,jbritondz@etsy.com,Genderfluid,108.60.11.52
505,Lorry,Foley,lfoleye0@jimdo.com,Agender,14.42.11.35
506,Robb,Goodricke,rgoodrickee1@google.es,Female,225.35.86.230
507,Ilyse,Benedyktowicz,ibenedyktowicze2@toplist.cz,Agender,179.120.54.230
508,Carree,Van Oort,cvanoorte3@example.com,Non-binary,164.72.251.243
509,Maxy,Dorre,mdorree4@jalbum.net,Genderfluid,144.244.6.70
510,Ray,MacAloren,rmacalorene5@omniture.com,Polygender,208.101.153.249
511,Marga,Osanne,mosannee6@t-online.de,Genderqueer,239.232.190.223
512,Christean,Jordi,cjordie7@europa.eu,Agender,207.188.191.59
513,Aguie,Padden,apaddene8@prweb.com,Male,245.50.166.28
514,Karlee,Manthroppe,kmanthroppee9@reverbnation.com,Bigender,212.36.6.166
515,Gordon,Jobbing,gjobbingea@ow.ly,Genderfluid,127.157.174.34
516,Eran,Winnard,ewinnardeb@rakuten.co.jp,Male,195.234.192.118
517,Pierette,Silverson,psilversonec@goo.gl,Female,192.173.129.53
518,Elbertina,Devo,edevoed@ocn.ne.jp,Genderqueer,121.13.243.7
519,Damara,Le - Count,dlecountee@washingtonpost.com,Bigender,211.107.46.90
520,Tulley,Klaussen,tklaussenef@dedecms.com,Female,181.242.152.173
521,Joshuah,Thrift,jthrifteg@quantcast.com,Bigender,139.34.244.113
522,Nanine,Campa,ncampaeh@google.com.hk,Genderfluid,113.50.234.139
523,Ellen,Raynton,erayntonei@ifeng.com,Agender,199.204.2.52
524,Petronella,Jodlkowski,pjodlkowskiej@cbslocal.com,Agender,229.158.140.189
525,Mitch,Coronado,mcoronadoek@yolasite.com,Male,216.81.184.121
526,Robyn,Schooling,rschoolingel@acquirethisname.com,Genderqueer,16.16.255.231
527,Hubie,Broadberrie,hbroadberrieem@fda.gov,Male,55.180.116.85
528,Tamma,Masarrat,tmasarraten@ucla.edu,Bigender,93.243.188.51
529,Emlynn,Dearing,edearingeo@cpanel.net,Polygender,49.115.229.10
530,Antonia,Hargess,ahargessep@sina.com.cn,Bigender,233.99.172.37
531,Row,Ivamy,rivamyeq@blogger.com,Genderqueer,107.203.180.14
532,Selinda,Nowland,snowlander@skyrock.com,Male,6.221.196.133
533,Borden,Grieswood,bgrieswoodes@chicagotribune.com,Male,88.47.146.19
534,Floris,Jaynes,fjayneset@admin.ch,Female,7.94.119.134
535,Ailina,Muttock,amuttockeu@wufoo.com,Male,12.41.12.230
536,Susanetta,Coltart,scoltartev@sciencedaily.com,Agender,233.75.90.105
537,Adolpho,Ward,awardew@1und1.de,Bigender,253.55.47.193
538,Gypsy,Clotworthy,gclotworthyex@jigsy.com,Bigender,80.20.13.159
539,Karylin,Hagard,khagardey@uol.com.br,Genderfluid,4.52.255.22
540,Margy,Pester,mpesterez@sakura.ne.jp,Polygender,99.108.193.166
541,Gloriane,Fumagallo,gfumagallof0@google.ca,Polygender,227.115.210.156
542,Blondy,Jordan,bjordanf1@pinterest.com,Agender,212.216.85.115
543,Derk,Boman,dbomanf2@gmpg.org,Female,192.54.160.246
544,Oralie,Fort,ofortf3@behance.net,Non-binary,113.204.71.2
545,Dennie,Butt,dbuttf4@eepurl.com,Polygender,221.35.206.131
546,Teddy,Sandham,tsandhamf5@vk.com,Agender,46.150.70.52
547,Barnaby,Lile,blilef6@rakuten.co.jp,Genderqueer,13.125.91.154
548,Auberon,Rochford,arochfordf7@umich.edu,Agender,213.227.56.212
549,Catlin,Tremoulet,ctremouletf8@mediafire.com,Male,221.166.237.7
550,Norene,Antal,nantalf9@un.org,Non-binary,21.231.50.231
551,Izabel,Beig,ibeigfa@de.vu,Agender,129.223.92.234
552,Fawnia,Ifill,fifillfb@github.com,Genderqueer,225.91.189.76
553,Hamlin,O'Driscole,hodriscolefc@hp.com,Genderqueer,155.165.52.165
554,Martelle,Otton,mottonfd@ning.com,Genderfluid,117.215.1.68
555,Temp,Kubik,tkubikfe@pinterest.com,Male,58.193.140.191
556,Joya,Reder,jrederff@about.me,Bigender,254.25.123.51
557,Monique,Lismer,mlismerfg@creativecommons.org,Agender,64.105.126.7
558,Gray,Ashburner,gashburnerfh@narod.ru,Polygender,77.39.212.233
559,Jerry,Willmer,jwillmerfi@posterous.com,Non-binary,158.156.87.14
560,Evyn,Rainford,erainfordfj@huffingtonpost.com,Female,19.122.22.252
561,Edee,Dunkerley,edunkerleyfk@issuu.com,Non-binary,76.158.187.244
562,Theodore,Hann,thannfl@apple.com,Female,66.240.210.27
563,Harmonia,Denerley,hdenerleyfm@examiner.com,Male,198.182.224.80
564,Josi,Goodchild,jgoodchildfn@weather.com,Non-binary,53.252.29.168
565,Mirella,Awcoate,mawcoatefo@mozilla.com,Bigender,142.29.26.156
566,Boycie,Newnham,bnewnhamfp@cpanel.net,Male,10.161.4.86
567,Coletta,Massimi,cmassimifq@dyndns.org,Male,37.214.103.90
568,Graehme,Gorch,ggorchfr@simplemachines.org,Male,113.241.206.111
569,Rab,Addinall,raddinallfs@scribd.com,Non-binary,222.9.134.35
570,Teri,Korneev,tkorneevft@earthlink.net,Male,57.50.129.30
571,Junia,Roscoe,jroscoefu@fotki.com,Genderfluid,182.22.13.136
572,Traci,Guyer,tguyerfv@t-online.de,Agender,103.214.65.60
573,Pauli,Poyntz,ppoyntzfw@privacy.gov.au,Genderqueer,77.65.16.108
574,Jaquith,Rowes,jrowesfx@cargocollective.com,Male,178.111.170.9
575,Siobhan,Emblen,semblenfy@comcast.net,Genderqueer,24.178.132.114
576,Cornie,Martinek,cmartinekfz@sphinn.com,Female,47.6.246.248
577,Archibald,Scholl,aschollg0@marketwatch.com,Genderqueer,90.156.141.76
578,Pooh,Wandless,pwandlessg1@php.net,Genderfluid,202.210.122.103
579,Stormie,Dummer,sdummerg2@free.fr,Non-binary,14.138.235.146
580,Drona,Bydaway,dbydawayg3@miitbeian.gov.cn,Male,91.122.145.201
581,Cleveland,Douty,cdoutyg4@miitbeian.gov.cn,Genderfluid,190.110.215.123
582,Cristina,Duffer,cdufferg5@discovery.com,Genderqueer,158.120.23.130
583,Lanie,Arnley,larnleyg6@ucla.edu,Polygender,115.232.38.112
584,Appolonia,Recke,areckeg7@slate.com,Bigender,66.187.4.131
585,Kerrill,Blaydon,kblaydong8@storify.com,Agender,84.147.97.39
586,Brynn,Bootyman,bbootymang9@163.com,Agender,124.197.102.171
587,Lida,MacMoyer,lmacmoyerga@i2i.jp,Male,43.83.161.38
588,Karilynn,Toolin,ktoolingb@soundcloud.com,Agender,221.235.182.20
589,Beryle,Wilfing,bwilfinggc@phpbb.com,Bigender,75.184.169.76
590,Terri,Guard,tguardgd@psu.edu,Agender,81.174.142.44
591,Judith,Bremen,jbremenge@illinois.edu,Male,143.234.21.112
592,Tansy,Norkett,tnorkettgf@nymag.com,Male,178.194.153.83
593,Mauricio,Bengtsen,mbengtsengg@joomla.org,Genderqueer,251.196.9.188
594,Sydney,Raynor,sraynorgh@rakuten.co.jp,Genderqueer,65.68.189.69
595,Greg,Heddy,gheddygi@mlb.com,Male,201.59.245.205
596,Gunar,Derington,gderingtongj@npr.org,Genderqueer,148.232.124.169
597,Sofie,Cissell,scissellgk@spotify.com,Genderqueer,128.116.208.138
598,Werner,Cookman,wcookmangl@yahoo.co.jp,Genderfluid,178.234.12.50
599,Kanya,Hemphrey,khemphreygm@japanpost.jp,Agender,50.141.19.217
600,Margarette,Scates,mscatesgn@sun.com,Non-binary,39.186.104.122
601,Lillis,Ferreras,lferrerasgo@timesonline.co.uk,Bigender,49.93.235.89
602,Lavina,Ertel,lertelgp@hc360.com,Male,128.108.94.109
603,De witt,Camolli,dcamolligq@dion.ne.jp,Female,142.83.154.119
604,Renelle,Simonassi,rsimonassigr@hp.com,Genderqueer,82.187.189.52
605,Milissent,Lonsbrough,mlonsbroughgs@sbwire.com,Genderfluid,31.134.170.140
606,Ansel,Napolione,anapolionegt@icq.com,Bigender,38.87.156.102
607,Melisande,Polhill,mpolhillgu@usa.gov,Polygender,19.179.180.81
608,Joyce,Runnicles,jrunniclesgv@cocolog-nifty.com,Female,166.152.67.6
609,Zackariah,Jakeman,zjakemangw@nydailynews.com,Genderfluid,33.129.222.99
610,Fabian,Deas,fdeasgx@acquirethisname.com,Genderqueer,243.252.2.188
611,Carlynn,McAlester,cmcalestergy@mit.edu,Female,218.11.193.254
612,Thedric,Eccleshare,tecclesharegz@sphinn.com,Genderfluid,112.159.138.128
613,Arlette,Gallienne,agallienneh0@miitbeian.gov.cn,Non-binary,249.230.253.220
614,Sissy,Rehn,srehnh1@bing.com,Polygender,185.146.140.236
615,Ilene,Sulley,isulleyh2@qq.com,Agender,133.186.117.51
616,Anthiathia,Carnihan,acarnihanh3@plala.or.jp,Bigender,239.33.72.128
617,Fabian,Gabbott,fgabbotth4@about.me,Genderqueer,48.246.6.26
618,Nancey,Ramble,nrambleh5@soup.io,Bigender,232.70.149.255
619,Haleigh,Gonsalvez,hgonsalvezh6@nytimes.com,Female,205.225.220.46
620,Abra,Goldsworthy,agoldsworthyh7@123-reg.co.uk,Female,125.5.60.193
621,Trix,Duffell,tduffellh8@howstuffworks.com,Genderfluid,84.168.0.72
622,Vera,Boyde,vboydeh9@ox.ac.uk,Bigender,220.57.248.197
623,Zack,Smelley,zsmelleyha@sciencedaily.com,Agender,170.1.100.80
624,Penelopa,Caizley,pcaizleyhb@rambler.ru,Genderqueer,67.172.105.235
625,Laughton,Linguard,llinguardhc@cocolog-nifty.com,Genderqueer,255.7.72.161
626,Lorne,Rogeon,lrogeonhd@msu.edu,Non-binary,209.97.155.59
627,Jesse,Dimblebee,jdimblebeehe@oaic.gov.au,Genderfluid,178.161.181.145
628,Josie,Ramble,jramblehf@chron.com,Non-binary,3.11.247.216
629,Bernelle,Egle of Germany,begleofgermanyhg@symantec.com,Polygender,103.237.193.46
630,Charlena,Prover,cproverhh@eventbrite.com,Polygender,100.101.25.122
631,Clemmie,Onyon,conyonhi@ifeng.com,Polygender,188.178.202.97
632,Cristine,Dugdale,cdugdalehj@aol.com,Polygender,118.150.220.138
633,Skyler,Seccombe,sseccombehk@google.com.br,Genderfluid,241.51.129.115
634,Cornie,Halgarth,chalgarthhl@hexun.com,Female,92.151.239.21
635,Ken,Bullus,kbullushm@elegantthemes.com,Agender,71.165.126.204
636,Maxwell,Stonard,mstonardhn@blogspot.com,Non-binary,17.44.166.109
637,Elisabetta,Genike,egenikeho@blogspot.com,Polygender,76.3.54.64
638,Daniella,Grimsdale,dgrimsdalehp@merriam-webster.com,Polygender,188.99.226.124
639,Bryant,O' Reagan,boreaganhq@about.com,Polygender,252.162.53.54
640,Jock,Covell,jcovellhr@ifeng.com,Genderqueer,103.126.139.92
641,Emlynn,Blasetti,eblasettihs@artisteer.com,Non-binary,228.172.158.178
642,Hastings,Treswell,htreswellht@netlog.com,Male,117.192.175.205
643,Berrie,Ready,breadyhu@google.pl,Agender,45.151.67.62
644,Jilleen,Kief,jkiefhv@google.it,Genderqueer,97.173.229.178
645,Kariotta,Cejka,kcejkahw@mail.ru,Polygender,195.178.242.222
646,Pauletta,Girardez,pgirardezhx@liveinternet.ru,Genderqueer,187.156.96.75
647,Minerva,Bartell,mbartellhy@narod.ru,Bigender,236.144.219.198
648,Pauline,Johnson,pjohnsonhz@cmu.edu,Polygender,152.227.117.24
649,Gawain,Merriton,gmerritoni0@japanpost.jp,Male,43.60.25.173
650,Nerta,Downton,ndowntoni1@mysql.com,Polygender,50.47.61.57
651,Wynnie,Terzi,wterzii2@google.de,Polygender,29.234.143.79
652,Maynard,Di Napoli,mdinapolii3@paginegialle.it,Polygender,126.191.160.129
653,Adolf,Goodluck,agoodlucki4@businessweek.com,Genderqueer,150.133.207.80
654,Nero,Langdridge,nlangdridgei5@photobucket.com,Non-binary,106.79.203.78
655,Husein,Portinari,hportinarii6@usda.gov,Bigender,131.105.79.239
656,Eldredge,Clevely,eclevelyi7@psu.edu,Genderfluid,83.30.216.90
657,Sybyl,Giabucci,sgiabuccii8@bloglines.com,Non-binary,255.128.1.151
658,Thebault,Thwaite,tthwaitei9@macromedia.com,Polygender,40.165.102.63
659,Eve,Rea,ereaia@taobao.com,Agender,2.228.57.208
660,Everett,Castard,ecastardib@so-net.ne.jp,Genderfluid,122.56.123.7
661,Vitia,Plews,vplewsic@sina.com.cn,Male,80.21.124.198
662,Catherin,Burril,cburrilid@sakura.ne.jp,Male,172.122.31.29
663,Mariele,Bellam,mbellamie@posterous.com,Agender,130.5.133.148
664,Geordie,Ryburn,gryburnif@goodreads.com,Agender,231.18.227.91
665,Phillipp,Iron,pironig@thetimes.co.uk,Agender,137.7.99.134
666,Devi,De Maria,ddemariaih@bluehost.com,Genderqueer,16.181.123.87
667,Dyna,Juckes,djuckesii@patch.com,Male,9.7.169.83
668,Tanney,Leaf,tleafij@google.fr,Genderfluid,204.248.48.177
669,Anabel,Buckmaster,abuckmasterik@shinystat.com,Polygender,32.115.104.117
670,Genna,Palleske,gpalleskeil@dropbox.com,Non-binary,100.85.187.237
671,Jannel,Griggs,jgriggsim@acquirethisname.com,Bigender,108.124.212.199
672,Whitman,Bode,wbodein@yahoo.co.jp,Non-binary,178.151.0.189
673,Carita,Ashforth,cashforthio@prlog.org,Genderfluid,12.188.203.159
674,Angelika,Fryman,afrymanip@hhs.gov,Agender,237.16.15.217
675,Caroline,Cadagan,ccadaganiq@istockphoto.com,Agender,10.22.135.30
676,Thedrick,Marwood,tmarwoodir@purevolume.com,Bigender,132.85.227.220
677,Justino,Glascott,jglascottis@cornell.edu,Male,110.211.212.229
678,Palmer,Adaway,padawayit@amazon.de,Genderfluid,169.204.64.134
679,Petr,Aland,palandiu@aol.com,Genderfluid,39.104.61.10
680,Sunny,Massenhove,smassenhoveiv@godaddy.com,Genderqueer,48.60.219.48
681,Frederigo,Darree,fdarreeiw@springer.com,Male,132.54.0.63
682,Aguistin,Hellis,ahellisix@nps.gov,Male,119.32.164.5
683,Jenny,Darrell,jdarrelliy@cpanel.net,Polygender,207.175.202.71
684,Philippa,Lyfe,plyfeiz@samsung.com,Genderfluid,46.151.88.105
685,Kahlil,Kilsby,kkilsbyj0@fastcompany.com,Genderfluid,19.210.248.244
686,Bianca,Woolfenden,bwoolfendenj1@usa.gov,Genderqueer,243.13.161.253
687,Alex,Lepoidevin,alepoidevinj2@tripod.com,Agender,206.150.215.184
688,Laraine,Lodevick,llodevickj3@mayoclinic.com,Polygender,150.245.99.234
689,Claudell,Musso,cmussoj4@ning.com,Agender,78.44.59.165
690,Sigismond,Quarton,squartonj5@vimeo.com,Non-binary,159.160.128.108
691,Pietrek,Rotte,prottej6@eventbrite.com,Agender,37.186.251.250
692,Marthena,Deverille,mdeverillej7@google.cn,Genderfluid,207.147.142.127
693,Coriss,Knevit,cknevitj8@xing.com,Male,25.17.251.201
694,Vere,McGirr,vmcgirrj9@symantec.com,Polygender,65.116.58.169
695,Nelle,Bigrigg,nbigriggja@senate.gov,Female,41.37.44.138
696,Wald,Antonacci,wantonaccijb@t.co,Agender,71.81.179.13
697,Tamarra,Le Franc,tlefrancjc@is.gd,Polygender,185.77.102.19
698,Robbyn,Cleve,rclevejd@unicef.org,Male,112.126.3.43
699,Clive,Phlippi,cphlippije@chronoengine.com,Genderfluid,16.234.7.49
700,Kathleen,Howlin,khowlinjf@microsoft.com,Polygender,35.254.23.25
701,Maryrose,Daintree,mdaintreejg@dyndns.org,Female,246.152.111.158
702,Fowler,Conford,fconfordjh@google.co.jp,Non-binary,185.55.74.188
703,Mitchael,Gage,mgageji@redcross.org,Non-binary,201.149.194.168
704,Hetti,Tybalt,htybaltjj@domainmarket.com,Genderqueer,237.113.227.218
705,Stephan,Deacock,sdeacockjk@list-manage.com,Agender,40.28.65.17
706,Zea,Bodechon,zbodechonjl@cloudflare.com,Genderqueer,131.20.104.240
707,Dorey,Alphonso,dalphonsojm@gravatar.com,Agender,12.174.179.12
708,Estrella,Pervew,epervewjn@mediafire.com,Female,32.38.126.147
709,Jennine,Frankiss,jfrankissjo@discuz.net,Non-binary,40.119.103.21
710,Flossy,Birley,fbirleyjp@edublogs.org,Genderfluid,55.151.136.95
711,Benedikt,Nardi,bnardijq@businessweek.com,Genderfluid,229.72.90.157
712,Cris,Wholesworth,cwholesworthjr@addtoany.com,Agender,218.43.34.226
713,Raddie,Snelling,rsnellingjs@patch.com,Male,211.0.2.162
714,Andi,Gribben,agribbenjt@networksolutions.com,Non-binary,141.250.73.22
715,Gladys,Vanini,gvaniniju@issuu.com,Non-binary,161.57.15.146
716,Torry,Shankland,tshanklandjv@cnet.com,Polygender,3.39.184.185
717,Artemas,Bernardes,abernardesjw@hhs.gov,Female,38.236.154.36
718,Anthea,Mulvenna,amulvennajx@discuz.net,Non-binary,55.139.27.142
719,Shalna,Dominy,sdominyjy@businesswire.com,Non-binary,19.135.171.114
720,Melicent,Grewcock,mgrewcockjz@constantcontact.com,Agender,123.145.147.70
721,Harmony,Wasbey,hwasbeyk0@ustream.tv,Polygender,144.122.109.197
722,Onfre,Shilvock,oshilvockk1@creativecommons.org,Bigender,118.195.139.180
723,Joanna,Alywin,jalywink2@un.org,Male,12.115.90.195
724,Sharl,Tackle,stacklek3@mashable.com,Polygender,199.156.188.114
725,Guthry,Carillo,gcarillok4@cnbc.com,Female,5.26.3.233
726,Bellina,Seeviour,bseeviourk5@imageshack.us,Genderqueer,71.45.122.44
727,Roderich,Everall,reverallk6@slideshare.net,Non-binary,199.124.91.187
728,Kenton,Tuxsell,ktuxsellk7@altervista.org,Genderfluid,198.20.27.27
729,Jens,Twiname,jtwinamek8@mit.edu,Genderfluid,177.0.131.45
730,Farr,Elfes,felfesk9@elegantthemes.com,Non-binary,17.35.126.238
731,Edie,Charley,echarleyka@t.co,Genderqueer,183.79.14.146
732,Thea,Foskew,tfoskewkb@hud.gov,Female,138.57.221.229
733,Millard,Tethcote,mtethcotekc@slate.com,Female,189.197.247.132
734,Cathyleen,Jandak,cjandakkd@sakura.ne.jp,Agender,167.33.156.78
735,Sanderson,Chanson,schansonke@eventbrite.com,Genderqueer,181.131.219.84
736,Jodi,Cowdry,jcowdrykf@mozilla.org,Male,14.3.118.220
737,Fifine,Pont,fpontkg@lulu.com,Genderfluid,30.243.249.173
738,Wilona,Szanto,wszantokh@icq.com,Non-binary,176.51.203.155
739,Temp,Ferguson,tfergusonki@de.vu,Male,154.226.96.112
740,Clair,Trousdell,ctrousdellkj@google.pl,Genderfluid,138.109.219.174
741,Aubrey,Claiden,aclaidenkk@ehow.com,Male,75.17.164.133
742,Eamon,Waterfall,ewaterfallkl@irs.gov,Genderqueer,18.191.33.25
743,Chiquita,Yearns,cyearnskm@rediff.com,Agender,187.19.206.140
744,Iggie,Pittle,ipittlekn@dropbox.com,Polygender,87.190.100.36
745,Tabb,Menilove,tmeniloveko@prweb.com,Genderqueer,60.106.119.99
746,Lyndel,Alvaro,lalvarokp@nps.gov,Bigender,79.102.3.226
747,Anny,Veness,avenesskq@etsy.com,Genderfluid,215.226.10.62
748,Lianna,Huchot,lhuchotkr@oakley.com,Bigender,194.38.221.160
749,Amberly,Fern,afernks@wikipedia.org,Female,242.86.8.118
750,Devan,Spleving,dsplevingkt@nationalgeographic.com,Agender,125.172.45.86
751,Drucie,Firman,dfirmanku@sitemeter.com,Polygender,53.219.145.57
752,Lindy,Broxap,lbroxapkv@youtu.be,Genderqueer,180.178.75.86
753,Inna,Churchard,ichurchardkw@smh.com.au,Bigender,41.200.251.91
754,Iosep,Enriquez,ienriquezkx@homestead.com,Male,121.18.172.68
755,Ryan,Manon,rmanonky@miitbeian.gov.cn,Genderqueer,207.127.50.194
756,Karol,Paddingdon,kpaddingdonkz@salon.com,Polygender,2.142.46.211
757,Robbie,Aharoni,raharonil0@toplist.cz,Male,201.59.37.52
758,Thedric,Canario,tcanariol1@dyndns.org,Bigender,83.5.154.56
759,Yettie,Deville,ydevillel2@ihg.com,Bigender,180.181.86.99
760,Corabella,Robardet,crobardetl3@unc.edu,Bigender,134.135.89.86
761,Melisandra,Bickerstaffe,mbickerstaffel4@nymag.com,Female,90.154.218.210
762,Storm,Opfer,sopferl5@nsw.gov.au,Agender,205.213.187.201
763,Kayla,Barks,kbarksl6@answers.com,Polygender,123.214.40.9
764,Hilliary,Drillingcourt,hdrillingcourtl7@ning.com,Bigender,94.222.64.37
765,Loydie,Rubinivitz,lrubinivitzl8@wisc.edu,Female,19.134.57.126
766,Vidovik,Inchan,vinchanl9@lulu.com,Genderfluid,224.208.94.233
767,Karrah,Piolli,kpiollila@dell.com,Genderqueer,152.113.155.219
768,Ethelind,Waldrum,ewaldrumlb@berkeley.edu,Male,93.70.198.112
769,Jard,Woolbrook,jwoolbrooklc@tinypic.com,Agender,184.7.60.22
770,Rafaellle,Sertin,rsertinld@cnn.com,Bigender,200.98.44.72
771,Frasier,Fedorski,ffedorskile@mayoclinic.com,Female,38.186.243.47
772,Barbee,Shiels,bshielslf@craigslist.org,Bigender,224.26.180.250
773,Broddie,Clother,bclotherlg@meetup.com,Non-binary,247.73.72.139
774,Seamus,Kennifeck,skennifecklh@admin.ch,Female,251.180.146.6
775,Jo-ann,Boss,jbossli@dion.ne.jp,Polygender,194.13.161.208
776,Verge,Leveridge,vleveridgelj@mapquest.com,Bigender,109.203.104.118
777,Kingsley,Cornfoot,kcornfootlk@simplemachines.org,Agender,57.239.80.11
778,Jeane,Eblein,jebleinll@wordpress.org,Agender,97.187.63.204
779,Corly,Klimkowski,cklimkowskilm@cyberchimps.com,Male,20.129.254.67
780,Morgun,Staton,mstatonln@paginegialle.it,Male,48.7.106.59
781,Leicester,Attenbarrow,lattenbarrowlo@miitbeian.gov.cn,Female,77.75.160.208
782,Remus,Mankor,rmankorlp@harvard.edu,Polygender,1.252.114.50
783,Guillaume,Mamwell,gmamwelllq@discuz.net,Genderqueer,255.75.153.23
784,Celisse,Aish,caishlr@mapquest.com,Bigender,13.133.111.92
785,Iorgos,Grushin,igrushinls@discovery.com,Genderqueer,146.61.214.219
786,Jeniece,Spraggon,jspraggonlt@ucsd.edu,Male,58.148.205.123
787,Jennette,Marrow,jmarrowlu@technorati.com,Bigender,190.172.92.133
788,Giulio,Giovannetti,ggiovannettilv@fastcompany.com,Female,61.45.31.110
789,Dev,Ames,dameslw@nydailynews.com,Agender,81.118.30.230
790,Gardiner,Bratchell,gbratchelllx@people.com.cn,Genderqueer,178.161.36.231
791,Fan,Jeppensen,fjeppensenly@imageshack.us,Agender,245.15.83.58
792,Ossie,Hazeup,ohazeuplz@blinklist.com,Genderfluid,108.198.187.69
793,Merridie,Pettecrew,mpettecrewm0@e-recht24.de,Polygender,26.199.89.97
794,Lindsay,Sorrel,lsorrelm1@xrea.com,Male,15.33.144.93
795,Corrina,Hrycek,chrycekm2@cornell.edu,Genderfluid,161.206.236.41
796,Emilee,Aharoni,eaharonim3@cornell.edu,Agender,204.50.130.113
797,Hyman,Dodshun,hdodshunm4@mac.com,Male,248.43.142.58
798,Christian,Franca,cfrancam5@twitter.com,Polygender,193.141.150.130
799,Annie,Peealess,apeealessm6@live.com,Genderqueer,54.163.64.87
800,Lotta,Younghusband,lyounghusbandm7@skype.com,Male,64.85.224.62
801,Hillery,Kienzle,hkienzlem8@amazon.com,Genderqueer,226.124.217.105
802,Bernardo,Serot,bserotm9@list-manage.com,Male,144.31.86.37
803,Dorothy,Dallison,ddallisonma@usa.gov,Non-binary,100.144.203.115
804,Upton,Tapin,utapinmb@wunderground.com,Agender,226.182.98.97
805,Upton,Beccero,ubecceromc@census.gov,Polygender,91.200.70.213
806,Price,Howick,phowickmd@slideshare.net,Male,130.93.203.81
807,Matthieu,Raisher,mraisherme@qq.com,Bigender,1.63.64.248
808,Del,Pickin,dpickinmf@washington.edu,Genderqueer,65.174.137.29
809,Lenore,Klampt,lklamptmg@topsy.com,Genderqueer,186.244.174.101
810,Ephraim,Loosmore,eloosmoremh@woothemes.com,Male,43.125.150.89
811,Lotte,Yegorovnin,lyegorovninmi@state.gov,Non-binary,183.178.194.17
812,Kyrstin,Pace,kpacemj@mediafire.com,Bigender,58.47.70.89
813,Prudy,Heinsh,pheinshmk@ebay.com,Polygender,155.246.177.197
814,Rickard,Fauning,rfauningml@instagram.com,Bigender,204.74.62.149
815,Fitzgerald,Bartolomeo,fbartolomeomm@barnesandnoble.com,Genderfluid,220.107.223.105
816,Wilbert,Clogg,wcloggmn@timesonline.co.uk,Genderqueer,36.103.18.144
817,Marris,Grouen,mgrouenmo@taobao.com,Female,227.94.149.65
818,Lidia,Hembery,lhemberymp@123-reg.co.uk,Bigender,181.7.205.30
819,Brok,Craft,bcraftmq@pagesperso-orange.fr,Genderqueer,242.49.150.186
820,Zebulen,Linnard,zlinnardmr@goo.gl,Female,89.128.225.227
821,Tiffany,Sinncock,tsinncockms@netvibes.com,Genderfluid,118.72.83.148
822,Howey,Martyns,hmartynsmt@alibaba.com,Genderfluid,122.15.175.203
823,Darby,Hulett,dhulettmu@cisco.com,Polygender,9.104.227.145
824,Arie,Goodram,agoodrammv@latimes.com,Agender,225.197.56.169
825,Martina,Beeken,mbeekenmw@linkedin.com,Male,8.125.85.28
826,Putnem,Darrington,pdarringtonmx@reddit.com,Non-binary,83.10.141.39
827,Emilio,Borman,ebormanmy@infoseek.co.jp,Polygender,231.91.125.46
828,Matti,Scoon,mscoonmz@ibm.com,Genderfluid,85.180.175.239
829,Babs,Kamien,bkamienn0@oaic.gov.au,Agender,168.230.162.71
830,Link,Brinicombe,lbrinicomben1@usda.gov,Polygender,120.255.192.105
831,Farleigh,Gorelli,fgorellin2@goo.ne.jp,Bigender,232.77.150.230
832,Jannel,Eastope,jeastopen3@digg.com,Polygender,222.45.154.222
833,Sabra,Piddlesden,spiddlesdenn4@netlog.com,Genderfluid,184.11.45.135
834,Victor,Ashburner,vashburnern5@cnet.com,Polygender,122.54.156.30
835,Koo,Ruvel,kruveln6@behance.net,Genderfluid,232.5.9.211
836,Osmond,Essel,oesseln7@baidu.com,Polygender,105.116.217.6
837,Amie,Rebbeck,arebbeckn8@npr.org,Bigender,55.163.10.211
838,Kata,Gallemore,kgallemoren9@ustream.tv,Polygender,131.146.35.186
839,Roselin,Ianilli,rianillina@wikipedia.org,Genderqueer,113.186.39.80
840,Chick,Bravington,cbravingtonnb@washingtonpost.com,Female,110.206.174.141
841,Rebekah,Heiton,rheitonnc@hp.com,Genderqueer,186.171.34.245
842,Flo,Bowlands,fbowlandsnd@usgs.gov,Genderfluid,152.58.2.28
843,Gabie,Scoggin,gscogginne@issuu.com,Genderfluid,14.129.242.243
844,Faydra,Gratten,fgrattennf@addtoany.com,Bigender,218.208.99.89
845,Berte,Hambribe,bhambribeng@list-manage.com,Genderqueer,255.228.58.20
846,Milton,Caves,mcavesnh@si.edu,Bigender,32.67.190.138
847,Alejandro,MacBey,amacbeyni@hexun.com,Male,171.26.235.177
848,Fara,Cantera,fcanteranj@g.co,Non-binary,155.180.140.73
849,Leelah,Kiss,lkissnk@census.gov,Genderfluid,216.148.127.159
850,Alida,D'Angeli,adangelinl@hugedomains.com,Male,252.192.125.191
851,Sari,Meany,smeanynm@weibo.com,Genderfluid,195.64.93.125
852,Clarinda,Deerness,cdeernessnn@elpais.com,Polygender,243.254.221.9
853,Anthony,Sawl,asawlno@pcworld.com,Female,84.1.213.56
854,Merrilee,Shark,msharknp@cornell.edu,Bigender,184.78.106.239
855,Chico,More,cmorenq@shutterfly.com,Genderqueer,85.99.174.49
856,Dore,Daughtery,ddaughterynr@gnu.org,Male,75.38.212.133
857,Ludvig,Duell,lduellns@so-net.ne.jp,Non-binary,77.241.144.117
858,Alejandrina,Rudgerd,arudgerdnt@amazonaws.com,Genderfluid,16.158.120.71
859,Lefty,Ruslinge,lruslingenu@discuz.net,Agender,35.32.119.38
860,Cayla,Yesenev,cyesenevnv@google.de,Male,187.189.42.57
861,Cassondra,Murphey,cmurpheynw@nytimes.com,Polygender,62.137.236.254
862,Cele,Andrzej,candrzejnx@examiner.com,Female,234.27.184.249
863,Mart,Gogay,mgogayny@comcast.net,Female,175.231.244.27
864,Kania,Ebbings,kebbingsnz@privacy.gov.au,Bigender,224.47.109.213
865,Shaw,Racine,sracineo0@yellowbook.com,Bigender,90.111.181.231
866,Phyllida,Cornelius,pcorneliuso1@com.com,Genderfluid,114.238.235.209
867,Rene,Lesurf,rlesurfo2@fema.gov,Non-binary,49.146.243.47
868,Dana,Novotna,dnovotnao3@home.pl,Genderfluid,44.151.26.183
869,Galvin,Aldins,galdinso4@plala.or.jp,Bigender,153.183.55.81
870,Gustie,Penticoot,gpenticooto5@census.gov,Genderqueer,123.30.207.213
871,Rosemarie,Tallman,rtallmano6@e-recht24.de,Bigender,154.187.148.86
872,Filberte,Tonnesen,ftonneseno7@ucla.edu,Genderqueer,97.123.53.77
873,Bibbye,Greder,bgredero8@cnn.com,Genderfluid,19.162.105.88
874,Eydie,Stemson,estemsono9@globo.com,Genderqueer,186.252.28.31
875,Nikoletta,Road,nroadoa@chron.com,Non-binary,79.156.159.156
876,Dorine,Provost,dprovostob@miitbeian.gov.cn,Agender,63.188.26.91
877,Stefanie,Abotson,sabotsonoc@dion.ne.jp,Polygender,63.117.132.237
878,Shirline,Record,srecordod@ihg.com,Male,24.89.1.144
879,Loise,de Pinna,ldepinnaoe@phoca.cz,Agender,87.232.12.13
880,Pet,Daftor,pdaftorof@reddit.com,Polygender,252.96.73.105
881,Micheil,Chirm,mchirmog@army.mil,Female,122.55.135.194
882,Joannes,Tregear,jtregearoh@clickbank.net,Female,172.79.188.160
883,Sloane,Warmisham,swarmishamoi@so-net.ne.jp,Female,59.142.35.39
884,Victoria,Briddock,vbriddockoj@about.com,Polygender,241.57.17.19
885,Wilow,Rawood,wrawoodok@wikia.com,Bigender,238.109.101.78
886,Bessie,Winsome,bwinsomeol@eepurl.com,Genderfluid,71.13.145.13
887,Carolyne,Loade,cloadeom@free.fr,Genderfluid,141.148.18.214
888,Evita,Votier,evotieron@gov.uk,Non-binary,132.100.247.88
889,Brnaba,Goldman,bgoldmanoo@ocn.ne.jp,Non-binary,14.36.203.114
890,Ethelyn,Dennison,edennisonop@samsung.com,Polygender,37.63.60.88
891,Jaclin,Brownlea,jbrownleaoq@mit.edu,Non-binary,247.37.33.18
892,Geoffrey,Gandar,ggandaror@phpbb.com,Female,136.176.138.197
893,Jerald,Sleaford,jsleafordos@dmoz.org,Non-binary,187.12.201.11
894,Doretta,Vitet,dvitetot@reddit.com,Non-binary,116.56.60.114
895,Damon,Lamplough,dlamploughou@studiopress.com,Genderfluid,244.151.227.140
896,Cara,Strowlger,cstrowlgerov@reuters.com,Polygender,247.197.105.170
897,Dominik,Winchurst,dwinchurstow@squidoo.com,Female,240.166.187.152
898,Minette,MacCrackan,mmaccrackanox@chicagotribune.com,Agender,174.85.114.235
899,Cyrill,Grimes,cgrimesoy@storify.com,Genderqueer,129.233.138.137
900,Lilly,Bedson,lbedsonoz@un.org,Female,181.222.170.240
901,Marthena,Speere,mspeerep0@networksolutions.com,Genderqueer,92.252.19.141
902,Augusta,Hartle,ahartlep1@spiegel.de,Female,125.75.154.122
903,Ruprecht,Di Pietro,rdipietrop2@alexa.com,Agender,163.1.45.205
904,Ferd,Renachowski,frenachowskip3@mlb.com,Polygender,54.111.19.254
905,Gelya,Djakovic,gdjakovicp4@360.cn,Genderqueer,145.36.122.211
906,Bobbie,Fores,bforesp5@berkeley.edu,Bigender,208.241.96.44
907,Brigitte,Carren,bcarrenp6@ihg.com,Polygender,144.241.179.122
908,Celene,Radden,craddenp7@forbes.com,Genderfluid,25.185.158.131
909,Glad,Chaffe,gchaffep8@about.com,Genderqueer,156.70.237.188
910,Danya,Lamonby,dlamonbyp9@patch.com,Female,213.132.210.212
911,Lockwood,Elwood,lelwoodpa@merriam-webster.com,Bigender,17.203.191.60
912,Reta,Cunah,rcunahpb@baidu.com,Agender,213.193.37.240
913,Findlay,Gerrad,fgerradpc@cdbaby.com,Polygender,176.230.191.160
914,Pierce,Tallent,ptallentpd@lycos.com,Genderfluid,253.6.4.172
915,Edna,Hegg,eheggpe@facebook.com,Agender,168.221.111.103
916,Dianemarie,Ladloe,dladloepf@themeforest.net,Genderfluid,242.19.32.16
917,Ingaberg,Beeby,ibeebypg@edublogs.org,Male,74.246.102.193
918,Holli,Gask,hgaskph@state.gov,Bigender,248.18.205.215
919,Niki,Harmer,nharmerpi@google.com.br,Agender,32.117.25.52
920,Saba,Reek,sreekpj@biglobe.ne.jp,Genderqueer,178.224.58.34
921,Gilli,Roof,groofpk@sphinn.com,Agender,239.230.28.236
922,Lloyd,Walenta,lwalentapl@comcast.net,Agender,182.192.101.116
923,Davie,Ludron,dludronpm@wordpress.org,Polygender,252.5.200.198
924,Gina,Kropp,gkropppn@imageshack.us,Non-binary,137.187.26.180
925,Tiffie,Tybalt,ttybaltpo@studiopress.com,Genderfluid,224.151.189.147
926,Karisa,Barde,kbardepp@sina.com.cn,Bigender,183.148.208.221
927,Kristina,Annis,kannispq@pagesperso-orange.fr,Genderqueer,58.16.244.168
928,Averell,Bembrick,abembrickpr@google.nl,Female,139.33.59.45
929,Salaidh,Tollady,stolladyps@fastcompany.com,Non-binary,49.149.115.52
930,Sean,Hasser,shasserpt@cafepress.com,Genderfluid,50.185.154.158
931,Row,Ruthen,rruthenpu@free.fr,Agender,228.243.196.71
932,Sherwynd,Fortin,sfortinpv@unblog.fr,Bigender,191.22.214.85
933,Donalt,Dumphrey,ddumphreypw@cbslocal.com,Genderfluid,7.192.138.124
934,Glendon,Skittrell,gskittrellpx@last.fm,Genderqueer,93.67.156.30
935,Dexter,Trotman,dtrotmanpy@guardian.co.uk,Polygender,59.27.191.203
936,Elaina,Lackney,elackneypz@java.com,Non-binary,153.141.227.90
937,Cristine,Yesenev,cyesenevq0@nasa.gov,Genderqueer,30.143.49.74
938,Yank,Lidden,yliddenq1@gov.uk,Bigender,33.60.231.15
939,Davy,Upham,duphamq2@acquirethisname.com,Genderqueer,226.195.255.15
940,Mara,Redrup,mredrupq3@shinystat.com,Female,225.44.100.190
941,Shepperd,Sulland,ssullandq4@mashable.com,Bigender,168.32.132.148
942,Tyson,Kirsz,tkirszq5@webs.com,Agender,201.162.97.65
943,Adria,Mycroft,amycroftq6@hao123.com,Non-binary,6.20.62.172
944,Beatrix,Scamp,bscampq7@yale.edu,Bigender,223.127.138.126
945,Emmaline,Drepp,edreppq8@mit.edu,Genderqueer,108.145.255.125
946,Susanne,Kemble,skembleq9@craigslist.org,Male,26.7.114.72
947,Suzanna,McMorland,smcmorlandqa@yandex.ru,Genderfluid,224.224.183.98
948,Benjy,Kennon,bkennonqb@cafepress.com,Female,52.124.156.231
949,Dorie,Dwane,ddwaneqc@reuters.com,Female,200.69.245.180
950,Channa,Halsall,chalsallqd@cnn.com,Female,68.14.57.207
951,Selia,Simpkins,ssimpkinsqe@symantec.com,Bigender,43.96.162.71
952,Fidole,Chad,fchadqf@ca.gov,Genderfluid,60.163.14.245
953,Cordey,Folca,cfolcaqg@comsenz.com,Genderqueer,167.78.62.180
954,Dido,Flawith,dflawithqh@dell.com,Female,24.180.136.56
955,Toddy,Heatlie,theatlieqi@cdbaby.com,Non-binary,232.254.35.200
956,Gnni,Pheby,gphebyqj@com.com,Agender,150.53.247.1
957,Cesaro,Brewett,cbrewettqk@google.co.jp,Male,206.247.33.17
958,Maia,Vizard,mvizardql@liveinternet.ru,Polygender,97.81.197.181
959,Lita,Pochet,lpochetqm@sourceforge.net,Male,124.247.211.84
960,Joelly,Constantinou,jconstantinouqn@wikipedia.org,Male,53.54.122.4
961,Bowie,Hanson,bhansonqo@de.vu,Non-binary,229.110.209.69
962,Dede,Woan,dwoanqp@arstechnica.com,Female,140.227.149.62
963,Allie,Jefferys,ajefferysqq@nifty.com,Polygender,19.26.92.62
964,Lisette,Dennerley,ldennerleyqr@diigo.com,Genderqueer,242.202.210.83
965,Vern,Nuemann,vnuemannqs@aol.com,Agender,17.208.15.31
966,Ramonda,Sacco,rsaccoqt@histats.com,Bigender,37.94.135.82
967,Pammie,Jovanovic,pjovanovicqu@forbes.com,Bigender,3.220.201.36
968,Gothart,Ouchterlony,gouchterlonyqv@jigsy.com,Female,80.201.155.160
969,Fleur,Dzeniskevich,fdzeniskevichqw@youtube.com,Male,49.42.2.155
970,Oliy,Kitley,okitleyqx@live.com,Female,158.12.141.103
971,Zachery,Loding,zlodingqy@topsy.com,Genderfluid,230.220.70.111
972,Bord,Broseke,bbrosekeqz@tripadvisor.com,Female,111.8.148.131
973,Agosto,Dobey,adobeyr0@biglobe.ne.jp,Polygender,243.28.35.212
974,Brnaba,Thorpe,bthorper1@icq.com,Female,2.180.157.202
975,Paten,Feasley,pfeasleyr2@geocities.com,Genderqueer,213.17.164.75
976,Ivy,Ditzel,iditzelr3@homestead.com,Female,61.0.7.115
977,Pepi,Beadnall,pbeadnallr4@de.vu,Male,34.142.145.225
978,Garrot,D'Emanuele,gdemanueler5@w3.org,Female,138.248.87.9
979,Salomo,Seeman,sseemanr6@alibaba.com,Bigender,237.111.45.23
980,Flossie,Marielle,fmarieller7@t.co,Bigender,77.33.97.89
981,Dukie,Henkens,dhenkensr8@apache.org,Genderfluid,17.38.69.194
982,Hayden,Rebanks,hrebanksr9@miibeian.gov.cn,Male,47.75.106.131
983,Ingelbert,Bosward,iboswardra@clickbank.net,Male,200.12.12.73
984,Lynnette,Krollmann,lkrollmannrb@statcounter.com,Bigender,114.187.204.213
985,Xylia,Trask,xtraskrc@is.gd,Bigender,254.241.90.173
986,Andrey,Benoy,abenoyrd@nih.gov,Bigender,150.92.222.252
987,Tracie,Glyne,tglynere@artisteer.com,Genderfluid,134.70.172.134
988,Cross,Pregel,cpregelrf@blogtalkradio.com,Polygender,248.156.255.114
989,Catherine,Flann,cflannrg@google.com.au,Female,242.151.139.223
990,Noami,Cuphus,ncuphusrh@indiegogo.com,Bigender,101.148.65.41
991,Lazare,Baudinet,lbaudinetri@fema.gov,Bigender,85.164.50.251
992,Ilyssa,Corre,icorrerj@whitehouse.gov,Genderqueer,30.178.69.251
993,Glenden,Virgin,gvirginrk@theguardian.com,Agender,236.196.163.35
994,Georgiana,Chessun,gchessunrl@imageshack.us,Female,140.110.219.131
995,Denis,Timperley,dtimperleyrm@sfgate.com,Non-binary,152.19.151.137
996,Dorian,Matherson,dmathersonrn@mozilla.com,Non-binary,251.4.24.170
997,Antoni,Holstein,aholsteinro@google.com.br,Bigender,111.218.251.63
998,Alissa,Lattey,alatteyrp@facebook.com,Genderfluid,220.55.71.175
999,Nil,Callery,ncalleryrq@mozilla.com,Male,133.159.99.210
1000,Olympe,Aaron,oaaronrr@elegantthemes.com,Bigender,90.220.235.123
